<?xml version="1.0" encoding="UTF-8"?>

<serialization
   xmlns="http://guidewire.com/xml"
   xmlns:tns="http://guidewire.com/xml"
   xmlns:xsd="http://www.w3.org/1999/XMLSchema"
   xmlns:xsi="http://www.w3.org/1999/XMLSchema-instance">
  <script-parameters>        
    <ScriptParameterPack ParamName="StandardDelinquencyPlan" ParamType="varchar">
      <ResourceContexts length="0"/>
      <ParamValue>Standard Delinquency Plan</ParamValue>
    </ScriptParameterPack>
    <ScriptParameterPack ParamName="LegacyDelinquencyPlan" ParamType="varchar">
      <ResourceContexts length="0"/>
      <ParamValue>Legacy Delinquency Plan</ParamValue>
    </ScriptParameterPack>
    <ScriptParameterPack ParamName="StandardAgencyBillPlan" ParamType="varchar">
      <ResourceContexts length="0"/>
      <ParamValue>Standard Agency Bill Plan</ParamValue>
    </ScriptParameterPack>
    <ScriptParameterPack ParamName="LegacyAgencyBillPlan" ParamType="varchar">
      <ResourceContexts length="0"/>
      <ParamValue>Legacy Agency Bill Plan</ParamValue>
    </ScriptParameterPack>
  </script-parameters>
</serialization>