<?xml version='1.0' encoding='UTF-8'?>

<!-- Courtesy http://stackoverflow.com/questions/12492717/jboss-7-1-1-add-rt-jar-of-jre-to-classpath -->
<jboss-deployment-structure xmlns="urn:jboss:deployment-structure:1.1">
  <deployment>
    <exclusions>
      <module name="org.slf4j" />
      <module name="org.apache.log4j" />
      <module name="org.apache.commons.logging" />
    </exclusions>
    <dependencies>
      <!-- required to be able to load OracleConnection for spatial search.
      Module name must match the JDBC driver JAR name: deployment.<jar file name> -->
      <module name="deployment.ojdbc7-12.1.0.1.0-prod.jar" optional="true" />
      <system export="true">
        <paths>
          <path name="sun/net/spi"/>
          <path name="sun/net/spi/nameservice"/>
          <path name="sun/awt/util"/>
        </paths>
      </system>
    </dependencies>
  </deployment>
</jboss-deployment-structure>